BIOGUIDE_ID,OFFICE,PROGRAM,CATEGORY,YTD,AMOUNT
,2020 OFFICE OF THE SPEAKER,GENERAL EXPENDITURES,FRANKED MAIL,145.76,0
,2020 OFFICE OF THE SPEAKER,GENERAL EXPENDITURES,PERSONNEL COMPENSATION,5022033.22,1789803.9
,2020 OFFICE OF THE SPEAKER,GENERAL "EXPENDITURES,TRAVEL,17355.95,529.53
,2020 OFFICE OF THE SPEAKER,GENERAL EXPENDITURES,RENT  COMMUNICATION  UTILITIES,106411.74,35522.72
,2020 OFFICE OF THE SPEAKER,GENERAL EXPENDITURES,PRINTING AND REPRODUCTION,17932.36,6991.5
,2020 OFFICE OF THE SPEAKER,GENERAL EXPENDITURES,OTHER SERVICES,19147.88,6735
,2020 OFFICE OF THE SPEAKER,GENERAL EXPENDITURES,SUPPLIES AND MATERIALS,133563.93,44491.59
,2020 OFFICE OF THE SPEAKER,GENERAL EXPENDITURES,EQUIPMENT,36471.25,29873.78
,2020 OFFICE OF THE SPEAKER,GENERAL EXPENDITURES,GENERAL EXPENDITURES TOTALS:,5353062.09,1913948.02
,2020 OFFICE OF THE SPEAKER,GENERAL EXPENDITURES,OFFICE TOTALS:,5353062.09,1913948.02
,2020 OFFICE OF THE MAJORITY LEADER,GENERAL EXPENDITURES,PERSONNEL COMPENSATION,1923761.52,671370.11
,2020 OFFICE OF THE MAJORITY LEADER,GENERAL EXPENDITURES,TRAVEL,521.77,521.77
,2020 OFFICE OF THE MAJORITY LEADER,GENERAL EXPENDITURES,RENT  COMMUNICATION  UTILITIES,222,200
,2020 OFFICE OF THE MAJORITY LEADER,GENERAL EXPENDITURES,PRINTING AND REPRODUCTION,5370.12,4452.35
,2020 OFFICE OF THE MAJORITY LEADER,GENERAL EXPENDITURES,SUPPLIES AND MATERIALS,3867.22,3123.54
,2020 OFFICE OF THE MAJORITY LEADER,GENERAL EXPENDITURES,EQUIPMENT,222.47,14.83
,2020 OFFICE OF THE MAJORITY LEADER,GENERAL EXPENDITURES,GENERAL EXPENDITURES TOTALS:,1933965.1,679682.6
,2020 OFFICE OF THE MAJORITY LEADER,GENERAL EXPENDITURES,OFFICE TOTALS:,1933965.1,679682.6
,2020 OFFICE OF THE MAJORITY LEADER,INTERN ALLOWANCES,PERSONNEL COMPENSATION,11159.92,11159.92
,2020 OFFICE OF THE MAJORITY LEADER,INTERN ALLOWANCES,INTERN ALLOWANCES TOTALS:,11159.92,11159.92
,2020 OFFICE OF THE MAJORITY LEADER,INTERN ALLOWANCES,OFFICE TOTALS:,11159.92,11159.92
,2020 OFFICE OF THE MINORITY LEADER,GENERAL EXPENDITURES,PERSONNEL COMPENSATION,3081225.63,1054725.02
,2020 OFFICE OF THE MINORITY LEADER,GENERAL EXPENDITURES,TRAVEL,461.77,398.46
,2020 OFFICE OF THE MINORITY LEADER,GENERAL EXPENDITURES,RENT  COMMUNICATION  UTILITIES,69159.96,27296.21
,2020 OFFICE OF THE MINORITY LEADER,GENERAL EXPENDITURES,PRINTING AND REPRODUCTION,17261.21,6672.58
,2020 OFFICE OF THE MINORITY LEADER,GENERAL EXPENDITURES,OTHER SERVICES,78803,30682.24
,2020 OFFICE OF THE MINORITY LEADER,GENERAL EXPENDITURES,SUPPLIES AND MATERIALS,49562.53,18292.45
,2020 OFFICE OF THE MINORITY LEADER,GENERAL EXPENDITURES,EQUIPMENT,82481.81,11604.44
,2020 OFFICE OF THE MINORITY LEADER,GENERAL EXPENDITURES,GENERAL EXPENDITURES TOTALS:,3378955.91,1149671.4
,2020 OFFICE OF THE MINORITY LEADER,CONFERENCE SECRETARY,PERSONNEL COMPENSATION,75933.33,25500
,2020 OFFICE OF THE MINORITY LEADER,CONFERENCE SECRETARY,CONFERENCE SECRETARY TOTALS:,75933.33,25500
,2020 OFFICE OF THE MINORITY LEADER,CONFERENCE VICE CHAIR,PERSONNEL COMPENSATION,7933.33,0
,2020 OFFICE OF THE MINORITY LEADER,CONFERENCE VICE CHAIR,CONFERENCE VICE CHAIR TOTALS:,7933.33,0
,2020 OFFICE OF THE MINORITY LEADER,REPUBLICAN POLICY COMMITTEE,PERSONNEL COMPENSATION,120424.99,19558.33
,2020 OFFICE OF THE MINORITY LEADER,REPUBLICAN POLICY COMMITTEE,REPUBLICAN POLICY COMMITTEE TOTALS:,120424.99,19558.33
,2020 OFFICE OF THE MINORITY LEADER,REPUBLICAN POLICY COMMITTEE,OFFICE TOTALS:,3583247.56,1194729.73
,2020 OFFICE OF THE MAJORITY WHIP,GENERAL EXPENDITURES,PERSONNEL COMPENSATION,1302548.07,416255.59
,2020 OFFICE OF THE MAJORITY WHIP,GENERAL EXPENDITURES,TRAVEL,582.59,458.29
,2020 OFFICE OF THE MAJORITY WHIP,GENERAL EXPENDITURES,RENT  COMMUNICATION  UTILITIES,29777.33,7016.53
,2020 OFFICE OF THE MAJORITY WHIP,GENERAL EXPENDITURES,PRINTING AND REPRODUCTION,577.18,380.03
,2020 OFFICE OF THE MAJORITY WHIP,GENERAL EXPENDITURES,OTHER SERVICES,32315,3845
,2020 OFFICE OF THE MAJORITY WHIP,GENERAL EXPENDITURES,SUPPLIES AND MATERIALS,52833.64,11701.03
,2020 OFFICE OF THE MAJORITY WHIP,GENERAL EXPENDITURES,EQUIPMENT,11349.89,591.8
,2020 OFFICE OF THE MAJORITY WHIP,GENERAL EXPENDITURES,GENERAL EXPENDITURES TOTALS:,1429983.7,440248.27
,2020 OFFICE OF THE MAJORITY WHIP,GENERAL EXPENDITURES,OFFICE TOTALS:,1429983.7,440248.27
,2020 OFFICE OF THE MINORITY WHIP,GENERAL EXPENDITURES,PERSONNEL COMPENSATION,1557726.51,556279.2
,2020 OFFICE OF THE MINORITY WHIP,GENERAL EXPENDITURES,TRAVEL,3443.31,806.59
,2020 OFFICE OF THE MINORITY WHIP,GENERAL EXPENDITURES,RENT  COMMUNICATION  UTILITIES,57364.29,15025.27
,2020 OFFICE OF THE MINORITY WHIP,GENERAL EXPENDITURES,PRINTING AND REPRODUCTION,422.89,0
,2020 OFFICE OF THE MINORITY WHIP,GENERAL EXPENDITURES,OTHER SERVICES,74337.44,27079.12
,2020 OFFICE OF THE MINORITY WHIP,GENERAL EXPENDITURES,SUPPLIES AND MATERIALS,12582.94,6763.19
,2020 OFFICE OF THE MINORITY WHIP,GENERAL EXPENDITURES,EQUIPMENT,9441.87,588
,2020 OFFICE OF THE MINORITY WHIP,GENERAL EXPENDITURES,GENERAL EXPENDITURES TOTALS:,1715319.25,606541.37
,2020 OFFICE OF THE MINORITY WHIP,GENERAL EXPENDITURES,OFFICE TOTALS:,1715319.25,606541.37
,2020 DEMOCRATIC CAUCUS,GENERAL EXPENDITURES,PERSONNEL COMPENSATION,1179239.1,403553.52
,2020 DEMOCRATIC CAUCUS,GENERAL EXPENDITURES,TRAVEL,4040.45,1494.04
,2020 DEMOCRATIC CAUCUS,GENERAL EXPENDITURES,RENT  COMMUNICATION  UTILITIES,101712.45,34302.51
,2020 DEMOCRATIC CAUCUS,GENERAL EXPENDITURES,PRINTING AND REPRODUCTION,8134.14,69.85
,2020 DEMOCRATIC CAUCUS,GENERAL EXPENDITURES,OTHER SERVICES,34652.07,11938.11
,2020 DEMOCRATIC CAUCUS,GENERAL EXPENDITURES,SUPPLIES AND MATERIALS,100750.2,13975.64
,2020 DEMOCRATIC CAUCUS,GENERAL EXPENDITURES,EQUIPMENT,60168.32,19508.26
,2020 DEMOCRATIC CAUCUS,GENERAL EXPENDITURES,GENERAL EXPENDITURES TOTALS:,1488696.73,484841.93
,2020 DEMOCRATIC CAUCUS,GENERAL EXPENDITURES,OFFICE TOTALS:,1488696.73,484841.93
,2020 REPUBLICAN CONFERENCE,GENERAL EXPENDITURES,PERSONNEL COMPENSATION,1025519.85,336790.02
,2020 REPUBLICAN CONFERENCE,GENERAL EXPENDITURES,TRAVEL,24.67,0
,2020 REPUBLICAN CONFERENCE,GENERAL EXPENDITURES,RENT  COMMUNICATION  UTILITIES,103174.94,20867.87
,2020 REPUBLICAN CONFERENCE,GENERAL EXPENDITURES,PRINTING AND REPRODUCTION,500.96,0
,2020 REPUBLICAN CONFERENCE,GENERAL EXPENDITURES,OTHER SERVICES,5694.63,1618.47
,2020 REPUBLICAN CONFERENCE,GENERAL EXPENDITURES,SUPPLIES AND MATERIALS,35396.36,3476.94
,2020 REPUBLICAN CONFERENCE,GENERAL EXPENDITURES,EQUIPMENT,5335.95,1943.25
,2020 REPUBLICAN CONFERENCE,GENERAL EXPENDITURES,GENERAL EXPENDITURES TOTALS:,1175647.36,364696.55
,2020 REPUBLICAN CONFERENCE,GENERAL EXPENDITURES,OFFICE TOTALS:,1175647.36,364696.55
,2020 REPUBLICAN CONFERENCE,INTERN ALLOWANCES,PERSONNEL COMPENSATION,2200,2200
,2020 REPUBLICAN CONFERENCE,INTERN ALLOWANCES,INTERN ALLOWANCES TOTALS:,2200,2200
,2020 REPUBLICAN CONFERENCE,INTERN ALLOWANCES,OFFICE TOTALS:,2200,2200
,FISCAL YEAR 2020 CHIEF ADMIN OFCR OF THE HOUSE,ENTERPRISE LICENSES,OTHER SERVICES,693975,0
,FISCAL YEAR 2020 CHIEF ADMIN OFCR OF THE HOUSE,ENTERPRISE LICENSES,SUPPLIES AND MATERIALS,4887304.88,4794256.18
,FISCAL YEAR 2020 CHIEF ADMIN OFCR OF THE HOUSE,ENTERPRISE LICENSES,ENTERPRISE LICENSES TOTALS:,5581279.88,4794256.18
,FISCAL YEAR 2020 CHIEF ADMIN OFCR OF THE HOUSE,SALARIES  OFFICERS & EMPLOYEES,PERSONNEL COMPENSATION,72102735.9,18504585.85
,FISCAL YEAR 2020 CHIEF ADMIN OFCR OF THE HOUSE,SALARIES  OFFICERS & EMPLOYEES,SALARIES  OFFICERS & EMPLOYEES TOTALS:,72102735.9,18504585.85
,FISCAL YEAR 2020 CHIEF ADMIN OFCR OF THE HOUSE,ADMIN AND OPS,TRAVEL,180458.13,8727.83
,FISCAL YEAR 2020 CHIEF ADMIN OFCR OF THE HOUSE,ADMIN AND OPS,TRANSPORTATION OF THINGS,21979.68,20179.68
,FISCAL YEAR 2020 CHIEF ADMIN OFCR OF THE HOUSE,ADMIN AND OPS,RENT  COMMUNICATION  UTILITIES,925651.2,219985.37
,FISCAL YEAR 2020 CHIEF ADMIN OFCR OF THE HOUSE,ADMIN AND OPS,PRINTING AND REPRODUCTION,16661.32,996.57
,FISCAL YEAR 2020 CHIEF ADMIN OFCR OF THE HOUSE,ADMIN AND OPS,OTHER SERVICES,1778888.23,705014.55
,FISCAL YEAR 2020 CHIEF ADMIN OFCR OF THE HOUSE,ADMIN AND OPS,SUPPLIES AND MATERIALS,1180975.87,279553.49
,FISCAL YEAR 2020 CHIEF ADMIN OFCR OF THE HOUSE,ADMIN AND OPS,EQUIPMENT,782077.24,268704.08
,FISCAL YEAR 2020 CHIEF ADMIN OFCR OF THE HOUSE,ADMIN AND OPS,ADMIN AND OPS TOTALS:,4886691.67,1503161.57
,FISCAL YEAR 2020 CHIEF ADMIN OFCR OF THE HOUSE,CHILD CARE CENTER TRAINING,TRAVEL,5832.85,0
,FISCAL YEAR 2020 CHIEF ADMIN OFCR OF THE HOUSE,CHILD CARE CENTER TRAINING,OTHER SERVICES,35532.25,13685
,FISCAL YEAR 2020 CHIEF ADMIN OFCR OF THE HOUSE,CHILD CARE CENTER TRAINING,CHILD CARE CENTER TRAINING TOTALS:,41365.1,13685
,FISCAL YEAR 2020 CHIEF ADMIN OFCR OF THE HOUSE,LIBRARY OF CONGRESS MAILREIMB,OTHER SERVICES,1882412.55,513589.19
,FISCAL YEAR 2020 CHIEF ADMIN OFCR OF THE HOUSE,LIBRARY OF CONGRESS MAILREIMB,EQUIPMENT,63877.03,29694
,FISCAL YEAR 2020 CHIEF ADMIN OFCR OF THE HOUSE,LIBRARY OF CONGRESS MAILREIMB,LIBRARY OF CONGRESS MAILREIMB TOTALS:,1946289.58,543283.19
,FISCAL YEAR 2020 CHIEF ADMIN OFCR OF THE HOUSE,AOC MAIL IPAC,RENT  COMMUNICATION  UTILITIES,8531.64,1936.1
,FISCAL YEAR 2020 CHIEF ADMIN OFCR OF THE HOUSE,AOC MAIL IPAC,OTHER SERVICES,424561.51,115708.17
,FISCAL YEAR 2020 CHIEF ADMIN OFCR OF THE HOUSE,AOC MAIL IPAC,EQUIPMENT,28968.17,6664.65
,FISCAL YEAR 2020 CHIEF ADMIN OFCR OF THE HOUSE,AOC MAIL IPAC,AOC MAIL IPAC TOTALS:,462061.32,124308.92
,FISCAL YEAR 2020 CHIEF ADMIN OFCR OF THE HOUSE,CAO SAFETY PROGRAM,PRINTING AND REPRODUCTION,778.47,778.47
,FISCAL YEAR 2020 CHIEF ADMIN OFCR OF THE HOUSE,CAO SAFETY PROGRAM,OTHER SERVICES,40501.77,1180
,FISCAL YEAR 2020 CHIEF ADMIN OFCR OF THE HOUSE,CAO SAFETY PROGRAM,SUPPLIES AND MATERIALS,6156.62,4773.88
,FISCAL YEAR 2020 CHIEF ADMIN OFCR OF THE HOUSE,CAO SAFETY PROGRAM,CAO SAFETY PROGRAM TOTALS:,47436.86,6732.35
,FISCAL YEAR 2020 CHIEF ADMIN OFCR OF THE HOUSE,CONGRESSIONAL STAFF ACADEMY,RENT  COMMUNICATION  UTILITIES,370,10
,FISCAL YEAR 2020 CHIEF ADMIN OFCR OF THE HOUSE,CONGRESSIONAL STAFF ACADEMY,PRINTING AND REPRODUCTION,500,0
,FISCAL YEAR 2020 CHIEF ADMIN OFCR OF THE HOUSE,CONGRESSIONAL STAFF ACADEMY,OTHER SERVICES,130776.99,94523.07
,FISCAL YEAR 2020 CHIEF ADMIN OFCR OF THE HOUSE,CONGRESSIONAL STAFF ACADEMY,SUPPLIES AND MATERIALS,7680.19,237.41
,FISCAL YEAR 2020 CHIEF ADMIN OFCR OF THE HOUSE,CONGRESSIONAL STAFF ACADEMY,EQUIPMENT,47975.4,45385.04
,FISCAL YEAR 2020 CHIEF ADMIN OFCR OF THE HOUSE,CONGRESSIONAL STAFF ACADEMY,CONGRESSIONAL STAFF ACADEMY TOTALS:,187302.58,140155.52
,FISCAL YEAR 2020 CHIEF ADMIN OFCR OF THE HOUSE,WEB SOLUTIONS,OTHER SERVICES,379269.02,148199.11
,FISCAL YEAR 2020 CHIEF ADMIN OFCR OF THE HOUSE,WEB SOLUTIONS,SUPPLIES AND MATERIALS,1547.34,1252.34
,FISCAL YEAR 2020 CHIEF ADMIN OFCR OF THE HOUSE,WEB SOLUTIONS,EQUIPMENT,41239.6,5856.18
,FISCAL YEAR 2020 CHIEF ADMIN OFCR OF THE HOUSE,WEB SOLUTIONS,WEB SOLUTIONS TOTALS:,422055.96,155307.63
,FISCAL YEAR 2020 CHIEF ADMIN OFCR OF THE HOUSE,PEOPLESOFT FINANCIALS,OTHER SERVICES,686395.27,336424.46
,FISCAL YEAR 2020 CHIEF ADMIN OFCR OF THE HOUSE,PEOPLESOFT FINANCIALS,EQUIPMENT,221733.91,150307.36
,FISCAL YEAR 2020 CHIEF ADMIN OFCR OF THE HOUSE,PEOPLESOFT FINANCIALS,PEOPLESOFT FINANCIALS TOTALS:,908129.18,486731.82
,FISCAL YEAR 2020 CHIEF ADMIN OFCR OF THE HOUSE,REMEDY/CTS ACTIVITY,OTHER SERVICES,46009.8,46009.8
,FISCAL YEAR 2020 CHIEF ADMIN OFCR OF THE HOUSE,REMEDY/CTS ACTIVITY,SUPPLIES AND MATERIALS,316.94,316.94
,FISCAL YEAR 2020 CHIEF ADMIN OFCR OF THE HOUSE,REMEDY/CTS ACTIVITY,EQUIPMENT,252543.31,0
,FISCAL YEAR 2020 CHIEF ADMIN OFCR OF THE HOUSE,REMEDY/CTS ACTIVITY,REMEDY/CTS ACTIVITY TOTALS:,298870.05,46326.74
,FISCAL YEAR 2020 CHIEF ADMIN OFCR OF THE HOUSE,ENTERPRISE TECHNOLOGY SYSTEMS,OTHER SERVICES,176940.47,84198
,FISCAL YEAR 2020 CHIEF ADMIN OFCR OF THE HOUSE,ENTERPRISE TECHNOLOGY SYSTEMS,SUPPLIES AND MATERIALS,23756,17380
,FISCAL YEAR 2020 CHIEF ADMIN OFCR OF THE HOUSE,ENTERPRISE TECHNOLOGY SYSTEMS,EQUIPMENT,784620.44,201991.14
,FISCAL YEAR 2020 CHIEF ADMIN OFCR OF THE HOUSE,ENTERPRISE TECHNOLOGY SYSTEMS,ENTERPRISE TECHNOLOGY SYSTEMS TOTALS:,985316.91,303569.14
,FISCAL YEAR 2020 CHIEF ADMIN OFCR OF THE HOUSE,CAO SEAT MANAGEMENT,OTHER SERVICES,2514.61,0
,FISCAL YEAR 2020 CHIEF ADMIN OFCR OF THE HOUSE,CAO SEAT MANAGEMENT,CAO SEAT MANAGEMENT TOTALS:,2514.61,0
,FISCAL YEAR 2020 CHIEF ADMIN OFCR OF THE HOUSE,SUBSCRIPTIONS,SUPPLIES AND MATERIALS,772500,0
,FISCAL YEAR 2020 CHIEF ADMIN OFCR OF THE HOUSE,SUBSCRIPTIONS,SUBSCRIPTIONS TOTALS:,772500,0
,FISCAL YEAR 2020 CHIEF ADMIN OFCR OF THE HOUSE,ENTERPRISE DATA STORAGE,OTHER SERVICES,94743.96,94743.96
,FISCAL YEAR 2020 CHIEF ADMIN OFCR OF THE HOUSE,ENTERPRISE DATA STORAGE,SUPPLIES AND MATERIALS,5394.57,3806.29
,FISCAL YEAR 2020 CHIEF ADMIN OFCR OF THE HOUSE,ENTERPRISE DATA STORAGE,EQUIPMENT,1950551.03,1802252.43
,FISCAL YEAR 2020 CHIEF ADMIN OFCR OF THE HOUSE,ENTERPRISE DATA STORAGE,ENTERPRISE DATA STORAGE TOTALS:,2050689.56,1900802.68
,FISCAL YEAR 2020 CHIEF ADMIN OFCR OF THE HOUSE,ENTERPRISE INFRASTRUCTURE TECH,SUPPLIES AND MATERIALS,55549.25,32504.21
,FISCAL YEAR 2020 CHIEF ADMIN OFCR OF THE HOUSE,ENTERPRISE INFRASTRUCTURE TECH,EQUIPMENT,131711,113011.23
,FISCAL YEAR 2020 CHIEF ADMIN OFCR OF THE HOUSE,ENTERPRISE INFRASTRUCTURE TECH,ENTERPRISE INFRASTRUCTURE TECH TOTALS:,187260.25,145515.44
,FISCAL YEAR 2020 CHIEF ADMIN OFCR OF THE HOUSE,CAO PRIVACY PROGRAM,OTHER SERVICES,20299,20299
,FISCAL YEAR 2020 CHIEF ADMIN OFCR OF THE HOUSE,CAO PRIVACY PROGRAM,CAO PRIVACY PROGRAM TOTALS:,20299,20299
,FISCAL YEAR 2020 CHIEF ADMIN OFCR OF THE HOUSE,MODULAR FURNITURE,SUPPLIES AND MATERIALS,1774.32,0
,FISCAL YEAR 2020 CHIEF ADMIN OFCR OF THE HOUSE,MODULAR FURNITURE,EQUIPMENT,162435.86,66525.12
,FISCAL YEAR 2020 CHIEF ADMIN OFCR OF THE HOUSE,MODULAR FURNITURE,MODULAR FURNITURE TOTALS:,164210.18,66525.12
,FISCAL YEAR 2020 CHIEF ADMIN OFCR OF THE HOUSE,ASSET OPERATIONS,TRANSPORTATION OF THINGS,345,0
,FISCAL YEAR 2020 CHIEF ADMIN OFCR OF THE HOUSE,ASSET OPERATIONS,OTHER SERVICES,90692.28,0
,FISCAL YEAR 2020 CHIEF ADMIN OFCR OF THE HOUSE,ASSET OPERATIONS,SUPPLIES AND MATERIALS,28180.35,11193.06
,FISCAL YEAR 2020 CHIEF ADMIN OFCR OF THE HOUSE,ASSET OPERATIONS,EQUIPMENT,77039.62,0
,FISCAL YEAR 2020 CHIEF ADMIN OFCR OF THE HOUSE,ASSET OPERATIONS,ASSET OPERATIONS TOTALS:,196257.25,11193.06
,FISCAL YEAR 2020 CHIEF ADMIN OFCR OF THE HOUSE,IDENTITY ACCESS MANAGEMENT,OTHER SERVICES,89087.8,54470.54
,FISCAL YEAR 2020 CHIEF ADMIN OFCR OF THE HOUSE,IDENTITY ACCESS MANAGEMENT,EQUIPMENT,80584.62,80584.62
,FISCAL YEAR 2020 CHIEF ADMIN OFCR OF THE HOUSE,IDENTITY ACCESS MANAGEMENT,IDENTITY ACCESS MANAGEMENT TOTALS:,169672.42,135055.16
,FISCAL YEAR 2020 CHIEF ADMIN OFCR OF THE HOUSE,CABINET & FINISHING SERVICES,SUPPLIES AND MATERIALS,219265.8,81914.96
,FISCAL YEAR 2020 CHIEF ADMIN OFCR OF THE HOUSE,CABINET & FINISHING SERVICES,EQUIPMENT,22514.41,21588.8
,FISCAL YEAR 2020 CHIEF ADMIN OFCR OF THE HOUSE,CABINET & FINISHING SERVICES,CABINET & FINISHING SERVICES TOTALS:,241780.21,103503.76
,FISCAL YEAR 2020 CHIEF ADMIN OFCR OF THE HOUSE,TELEPHONE OPERATORS,OTHER SERVICES,751000,0
,FISCAL YEAR 2020 CHIEF ADMIN OFCR OF THE HOUSE,TELEPHONE OPERATORS,TELEPHONE OPERATORS TOTALS:,751000,0
,FISCAL YEAR 2020 CHIEF ADMIN OFCR OF THE HOUSE,CAO IT SERVICE MANAGEMENT,OTHER SERVICES,641192.27,541119.94
,FISCAL YEAR 2020 CHIEF ADMIN OFCR OF THE HOUSE,CAO IT SERVICE MANAGEMENT,EQUIPMENT,19656,19656
,FISCAL YEAR 2020 CHIEF ADMIN OFCR OF THE HOUSE,CAO IT SERVICE MANAGEMENT,CAO IT SERVICE MANAGEMENT TOTALS:,660848.27,560775.94
,FISCAL YEAR 2020 CHIEF ADMIN OFCR OF THE HOUSE,SUPPORT SYSTEMS OPERATIONS,OTHER SERVICES,87028.96,77835.76
,FISCAL YEAR 2020 CHIEF ADMIN OFCR OF THE HOUSE,SUPPORT SYSTEMS OPERATIONS,SUPPLIES AND MATERIALS,2107.66,1386
,FISCAL YEAR 2020 CHIEF ADMIN OFCR OF THE HOUSE,SUPPORT SYSTEMS OPERATIONS,EQUIPMENT,8658.92,0
,FISCAL YEAR 2020 CHIEF ADMIN OFCR OF THE HOUSE,SUPPORT SYSTEMS OPERATIONS,SUPPORT SYSTEMS OPERATIONS TOTALS:,97795.54,79221.76
,FISCAL YEAR 2020 CHIEF ADMIN OFCR OF THE HOUSE,ENTERPRISE MOBILITY AND E-FAX,OTHER SERVICES,66783.56,39951.36
,FISCAL YEAR 2020 CHIEF ADMIN OFCR OF THE HOUSE,ENTERPRISE MOBILITY AND E-FAX,EQUIPMENT,90140.02,40279.55
,FISCAL YEAR 2020 CHIEF ADMIN OFCR OF THE HOUSE,ENTERPRISE MOBILITY AND E-FAX,ENTERPRISE MOBILITY AND E-FAX TOTALS:,156923.58,80230.91
,FISCAL YEAR 2020 CHIEF ADMIN OFCR OF THE HOUSE,HRS COMMITTEE BROADCAST OPS,OTHER SERVICES,66521.17,19229.07
,FISCAL YEAR 2020 CHIEF ADMIN OFCR OF THE HOUSE,HRS COMMITTEE BROADCAST OPS,HRS COMMITTEE BROADCAST OPS TOTALS:,66521.17,19229.07
,FISCAL YEAR 2020 CHIEF ADMIN OFCR OF THE HOUSE,FURNITURE AND REFURBISHMENT,SUPPLIES AND MATERIALS,310304.81,15535
,FISCAL YEAR 2020 CHIEF ADMIN OFCR OF THE HOUSE,FURNITURE AND REFURBISHMENT,EQUIPMENT,655405.65,43238
,FISCAL YEAR 2020 CHIEF ADMIN OFCR OF THE HOUSE,FURNITURE AND REFURBISHMENT,FURNITURE AND REFURBISHMENT TOTALS:,965710.46,58773
,FISCAL YEAR 2020 CHIEF ADMIN OFCR OF THE HOUSE,HRS FLOOR COVERAGE,SUPPLIES AND MATERIALS,28371.55,1142.7
,FISCAL YEAR 2020 CHIEF ADMIN OFCR OF THE HOUSE,HRS FLOOR COVERAGE,EQUIPMENT,165220.16,50938.28
,FISCAL YEAR 2020 CHIEF ADMIN OFCR OF THE HOUSE,HRS FLOOR COVERAGE,HRS FLOOR COVERAGE TOTALS:,193591.71,52080.98
,FISCAL YEAR 2020 CHIEF ADMIN OFCR OF THE HOUSE,HOUSE RECORDING STUDIO OPS,OTHER SERVICES,3150,0
,FISCAL YEAR 2020 CHIEF ADMIN OFCR OF THE HOUSE,HOUSE RECORDING STUDIO OPS,SUPPLIES AND MATERIALS,3791.67,835.43
,FISCAL YEAR 2020 CHIEF ADMIN OFCR OF THE HOUSE,HOUSE RECORDING STUDIO OPS,EQUIPMENT,21411.75,16880
,FISCAL YEAR 2020 CHIEF ADMIN OFCR OF THE HOUSE,HOUSE RECORDING STUDIO OPS,HOUSE RECORDING STUDIO OPS TOTALS:,28353.42,17715.43
,FISCAL YEAR 2020 CHIEF ADMIN OFCR OF THE HOUSE,HOUSE WELLNESS PROGRAM,TRAVEL,1424.59,0
,FISCAL YEAR 2020 CHIEF ADMIN OFCR OF THE HOUSE,HOUSE WELLNESS PROGRAM,PRINTING AND REPRODUCTION,639.26,0
,FISCAL YEAR 2020 CHIEF ADMIN OFCR OF THE HOUSE,HOUSE WELLNESS PROGRAM,OTHER SERVICES,3542,3542
,FISCAL YEAR 2020 CHIEF ADMIN OFCR OF THE HOUSE,HOUSE WELLNESS PROGRAM,SUPPLIES AND MATERIALS,4334.18,468
,FISCAL YEAR 2020 CHIEF ADMIN OFCR OF THE HOUSE,HOUSE WELLNESS PROGRAM,HOUSE WELLNESS PROGRAM TOTALS:,9940.03,4010
,FISCAL YEAR 2020 CHIEF ADMIN OFCR OF THE HOUSE,HOUSE-WIDE TRAINING PROGRAMS,OTHER SERVICES,896499.99,123634.99
,FISCAL YEAR 2020 CHIEF ADMIN OFCR OF THE HOUSE,HOUSE-WIDE TRAINING PROGRAMS,EQUIPMENT,13779.8,0
,FISCAL YEAR 2020 CHIEF ADMIN OFCR OF THE HOUSE,HOUSE-WIDE TRAINING PROGRAMS,HOUSE-WIDE TRAINING PROGRAMS TOTALS:,910279.79,123634.99
,FISCAL YEAR 2020 CHIEF ADMIN OFCR OF THE HOUSE,ENTERPRISE ARCHITECTURE,OTHER SERVICES,7735.28,7735.28
,FISCAL YEAR 2020 CHIEF ADMIN OFCR OF THE HOUSE,ENTERPRISE ARCHITECTURE,EQUIPMENT,12000,12000
,FISCAL YEAR 2020 CHIEF ADMIN OFCR OF THE HOUSE,ENTERPRISE ARCHITECTURE,ENTERPRISE ARCHITECTURE TOTALS:,19735.28,19735.28
,FISCAL YEAR 2020 CHIEF ADMIN OFCR OF THE HOUSE,CLOUD SERVICES,OTHER SERVICES,110316.58,108059.1
,FISCAL YEAR 2020 CHIEF ADMIN OFCR OF THE HOUSE,CLOUD SERVICES,SUPPLIES AND MATERIALS,486.39,0
,FISCAL YEAR 2020 CHIEF ADMIN OFCR OF THE HOUSE,CLOUD SERVICES,EQUIPMENT,45699.32,45699.32
,FISCAL YEAR 2020 CHIEF ADMIN OFCR OF THE HOUSE,CLOUD SERVICES,CLOUD SERVICES TOTALS:,156502.29,153758.42
,FISCAL YEAR 2020 CHIEF ADMIN OFCR OF THE HOUSE,TELECOMMUNICATIONS,TRANSPORTATION OF THINGS,18.19,0
,FISCAL YEAR 2020 CHIEF ADMIN OFCR OF THE HOUSE,TELECOMMUNICATIONS,RENT  COMMUNICATION  UTILITIES,396207.38,162845.85
,FISCAL YEAR 2020 CHIEF ADMIN OFCR OF THE HOUSE,TELECOMMUNICATIONS,OTHER SERVICES,116384.23,96897.34
,FISCAL YEAR 2020 CHIEF ADMIN OFCR OF THE HOUSE,TELECOMMUNICATIONS,EQUIPMENT,1489749.76,705059.12
,FISCAL YEAR 2020 CHIEF ADMIN OFCR OF THE HOUSE,TELECOMMUNICATIONS,TELECOMMUNICATIONS TOTALS:,2002359.56,964802.31
,FISCAL YEAR 2020 CHIEF ADMIN OFCR OF THE HOUSE,NETWORK SERVICES,OTHER SERVICES,2787340.91,2455254.36
,FISCAL YEAR 2020 CHIEF ADMIN OFCR OF THE HOUSE,NETWORK SERVICES,SUPPLIES AND MATERIALS,732831.32,517724.52
,FISCAL YEAR 2020 CHIEF ADMIN OFCR OF THE HOUSE,NETWORK SERVICES,EQUIPMENT,2845959.41,1475850.78
,FISCAL YEAR 2020 CHIEF ADMIN OFCR OF THE HOUSE,NETWORK SERVICES,NETWORK SERVICES TOTALS:,6366131.64,4448829.66
,FISCAL YEAR 2020 CHIEF ADMIN OFCR OF THE HOUSE,WIDE AREA NETWORK,RENT  COMMUNICATION  UTILITIES,1288708.94,359366.97
,FISCAL YEAR 2020 CHIEF ADMIN OFCR OF THE HOUSE,WIDE AREA NETWORK,OTHER SERVICES,4800,1600
,FISCAL YEAR 2020 CHIEF ADMIN OFCR OF THE HOUSE,WIDE AREA NETWORK,SUPPLIES AND MATERIALS,3388.5,0
,FISCAL YEAR 2020 CHIEF ADMIN OFCR OF THE HOUSE,WIDE AREA NETWORK,EQUIPMENT,1685209.28,1685209.28
,FISCAL YEAR 2020 CHIEF ADMIN OFCR OF THE HOUSE,WIDE AREA NETWORK,WIDE AREA NETWORK TOTALS:,2982106.72,2046176.25
,FISCAL YEAR 2020 CHIEF ADMIN OFCR OF THE HOUSE,CAMPUS NETWORKING,OTHER SERVICES,236282.39,153831.94
,FISCAL YEAR 2020 CHIEF ADMIN OFCR OF THE HOUSE,CAMPUS NETWORKING,SUPPLIES AND MATERIALS,13853.39,5019.4
,FISCAL YEAR 2020 CHIEF ADMIN OFCR OF THE HOUSE,CAMPUS NETWORKING,EQUIPMENT,499926.55,334586.02
,FISCAL YEAR 2020 CHIEF ADMIN OFCR OF THE HOUSE,CAMPUS NETWORKING,CAMPUS NETWORKING TOTALS:,750062.33,493437.36
